beir-docid	faiss-docid
10749308	0
26067999	1
15521377	2
27768226	3
5114940	4
10374686	5
6670101	6
2475059	7
37248570	8
39291138	9
13770184	10
34544514	11
27428509	12
13256155	13
5145974	14
9764256	15
581832	16
29387024	17
13083189	18
30184745	19
9967265	20
5691302	21
21003930	22
27841037	23
1428840	24
4506702	25
28617573	26
13071728	27
4506414	28
12438901	29
38886345	30
76415938	31
44048701	32
27873158	33
8582337	34
5850219	35
27466734	36
8883846	37
10692412	38
13619127	39
3471191	40
18816720	41
29564505	42
34208005	43
52072815	44
195680777	45
1805641	46
41294031	47
5596332	48
34025053	49
52175065	50
8595678	51
34873974	52
3654468	53
24269361	54
11880289	55
13497630	56
3613041	57
15476777	58
10692948	59
35766603	60
34439544	61
5824985	62
7011850	63
28633594	64
24159217	65
5185871	66
15319019	67
3272084	68
3898784	69
24575065	70
4824840	71
45015767	72
40790033	73
24323695	74
86217760	75
1044552	76
22942787	77
19140422	78
3578380	79
13625993	80
34139429	81
6647414	82
23863576	83
18074797	84
29981186	85
5558754	86
26064662	87
41354899	88
9394119	89
10430148	90
6477536	91
17973630	92
9604301	93
1287809	94
38493521	95
40164383	96
10582939	97
13282296	98
24349992	99
26907074	100
195689316	101
39368721	102
6327940	103
14806256	104
86602746	105
4828631	106
849771	107
4687948	108
30639847	109
13900610	110
4200695	111
24273592	112
32797183	113
27099731	114
13774178	115
7639744	116
12009265	117
52874170	118
6158879	119
17685207	120
20960682	121
17648235	122
18174210	123
6202834	124
5687200	125
12672066	126
33409100	127
13899137	128
11117498	129
43334921	130
25301182	131
12903921	132
26611834	133
18895793	134
39532074	135
27024392	136
41298619	137
41256402	138
39059143	139
52887689	140
30041895	141
5402581	142
3095620	143
32852283	144
6153754	145
19878070	146
23670644	147
27129115	148
53211308	149
1456068	150
4688340	151
14408200	152
11614737	153
7602348	154
14823313	155
1412089	156
12762485	157
36212758	158
6517267	159
22505710	160
168265642	161
4999633	162
24341590	163
13097856	164
24077493	165
16532419	166
14437255	167
36637129	168
21623140	169
4678846	170
10982689	171
15984735	172
21571708	173
10984005	174
38805486	175
15648443	176
3355397	177
13223957	178
8529693	179
32421068	180
49429882	181
1780819	182
11246427	183
13007205	184
24276304	185
22236223	186
36558211	187
30844602	188
22401720	189
21274496	190
20645335	191
14724693	192
7965928	193
25028913	194
14682243	195
2647374	196
72933407	197
39984099	198
12207167	199
37118634	200
4810810	201
15692098	202
20746604	203
12258338	204
159469	205
11939159	206
16760369	207
1642727	208
6182947	209
6309659	210
22442133	211
2496002	212
13883546	213
19464037	214
2391552	215
41329220	216
18855191	217
25079962	218
24697979	219
37480103	220
7111021	221
27264454	222
6540064	223
1606628	224
44572913	225
17626822	226
14915566	227
25942757	228
6191684	229
18872233	230
25816994	231
8298120	232
15975146	233
24450344	234
16322674	235
152245	236
85665741	237
13515165	238
12622860	239
5710820	240
10071552	241
7751726	242
9310407	243
30786800	244
25419778	245
4647303	246
13230773	247
13901073	248
26118532	249
15381976	250
21246752	251
32390525	252
9822397	253
11943989	254
1387104	255
23126677	256
4820792	257
12471115	258
10300000	259
21479231	260
704526	261
38630735	262
1263446	263
10883736	264
5912283	265
3823862	266
341324	267
10485142	268
5548081	269
5835149	270
13944805	271
80522346	272
17821387	273
2867345	274
140907540	275
15925931	276
7552147	277
16390264	278
42150015	279
7640792	280
21009874	281
2601135	282
3078550	283
15041758	284
16826810	285
10538985	286
4462419	287
41790911	288
31208367	289
18333304	290
10854174	291
35520219	292
18654430	293
16605494	294
18062308	295
25670099	296
25822299	297
46695481	298
11748341	299
2140497	300
6173523	301
14711483	302
9629682	303
13934676	304
24704139	305
44384384	306
3756384	307
735130	308
11360768	309
42873134	310
6561200	311
9021186	312
14657344	313
14827874	314
3929361	315
6421734	316
11254556	317
13906581	318
15048300	319
1495563	320
15663829	321
8654183	322
23349986	323
29460384	324
12810152	325
13027590	326
24150328	327
23801039	328
26461066	329
6767133	330
14361849	331
17124832	332
12442311	333
30919024	334
641459	335
4425507	336
33533307	337
23420807	338
22420524	339
12991445	340
32263707	341
23601616	342
11109043	343
19945096	344
21622715	345
35271381	346
6363093	347
26668245	348
20321154	349
76463821	350
23869951	351
40817021	352
24088502	353
24735908	354
15365719	355
25969485	356
38025907	357
14337960	358
6036535	359
25985964	360
7595742	361
4910408	362
17097974	363
9167230	364
8842332	365
25690516	366
39281140	367
25488034	368
18988265	369
14290854	370
5151024	371
25895285	372
8790729	373
43629704	374
6157837	375
4883040	376
18987782	377
26068103	378
4695046	379
791050	380
31889025	381
27550580	382
16737210	383
17546486	384
17693849	385
25589047	386
54440	387
24581365	388
28193026	389
87758	390
2095573	391
13914633	392
14474178	393
21164071	394
21616324	395
2494748	396
19307912	397
3944632	398
46764350	399
6751418	400
9988425	401
12709184	402
35085326	403
3868322	404
22025252	405
11016410	406
1225513	407
2380002	408
11718220	409
14500725	410
16204011	411
22191759	412
3943235	413
5839365	414
10608397	415
21472388	416
46485368	417
323335	418
2832403	419
16252863	420
25451374	421
10697096	422
44827480	423
23938319	424
52180874	425
3078080	426
38799797	427
12789595	428
1946610	429
3580005	430
20221907	431
20375264	432
30805636	433
70516463	434
1373287	435
19752008	436
6176498	437
6250701	438
8373753	439
68317730	440
17324544	441
841371	442
79231308	443
26314743	444
27446873	445
11624482	446
15780826	447
17930286	448
32827351	449
30058568	450
34016944	451
40905302	452
3716075	453
46182525	454
7098463	455
1974176	456
3662510	457
3524352	458
3935126	459
169264	460
3413083	461
21377587	462
36721932	463
23136735	464
2138767	465
52188256	466
21323758	467
28644298	468
19332616	469
2617858	470
8190282	471
10218447	472
21239672	473
37592824	474
56486733	475
19205326	476
13481731	477
26199970	478
1711571	479
13123189	480
9288638	481
12462961	482
8428935	483
6923795	484
13070316	485
10190462	486
116556376	487
32328114	488
1332250	489
4489217	490
37619697	491
13907928	492
24552097	493
596817	494
24721347	495
30908508	496
374902	497
14606752	498
3848469	499
5114282	500
15997009	501
27408104	502
13791044	503
42387637	504
52827184	505
13312471	506
4505748	507
4890578	508
25308734	509
3085264	510
21891856	511
1522647	512
23862975	513
37578311	514
10893238	515
834336	516
31890716	517
2842550	518
3462075	519
6490571	520
9486930	521
13717103	522
13768432	523
15615957	524
20672596	525
33257464	526
11026600	527
42708716	528
350542	529
11862753	530
13734012	531
14260013	532
4483571	533
167944455	534
980196	535
10207180	536
14407673	537
4417558	538
16422880	539
14319754	540
30983338	541
7451018	542
35301079	543
42404093	544
2488880	545
4459491	546
18348376	547
52805891	548
18691097	549
43385013	550
27063470	551
2138843	552
7116734	553
3052213	554
12770738	555
18268012	556
23180075	557
13778710	558
15600979	559
24634621	560
36003142	561
33733520	562
39728826	563
41976370	564
19854543	565
9244474	566
14843502	567
26000593	568
18852643	569
24205118	570
2828460	571
12584053	572
109946221	573
602760	574
24414345	575
31363207	576
3912660	577
18340282	578
24640046	579
1507222	580
25453683	581
43700577	582
34227917	583
4345605	584
18997216	585
29526125	586
26652147	587
5884524	588
19408393	589
308862	590
25830701	591
27944135	592
22123421	593
35621259	594
20606520	595
40447899	596
12130690	597
25191216	598
25515907	599
46266579	600
1122279	601
16979690	602
9745001	603
14729253	604
9122283	605
25817686	606
317204	607
25098790	608
39580129	609
42065070	610
49208216	611
8042158	612
9976969	613
14060030	614
20188586	615
20457190	616
6790197	617
29334259	618
44265107	619
10699587	620
947631	621
1383826	622
118568	623
253672	624
23985464	625
463533	626
40343416	627
29845974	628
24101431	629
24494539	630
2774906	631
6969753	632
10486817	633
75636923	634
4857093	635
23305884	636
17163294	637
24510595	638
5377642	639
21274919	640
33370	641
7485455	642
11411060	643
16256507	644
8148122	645
9555784	646
22521091	647
34733465	648
24594624	649
7373453	650
5939172	651
9440748	652
4380287	653
6517763	654
9617381	655
10009203	656
45548062	657
12899460	658
17450673	659
51865482	660
9505448	661
26720366	662
9622258	663
24148722	664
39264456	665
74137632	666
3825750	667
14672919	668
22621251	669
32909242	670
46565020	671
4410181	672
16630996	673
3690068	674
5641851	675
7552215	676
2338488	677
7688110	678
22309946	679
3566945	680
7621534	681
12206390	682
22730024	683
33740844	684
437924	685
24725136	686
2260571	687
2266471	688
6334188	689
25510546	690
457630	691
11328820	692
24278870	693
4791384	694
4942718	695
39903312	696
42787108	697
9614443	698
7209559	699
10408324	700
38808600	701
13469921	702
3829232	703
14121786	704
39187170	705
6333347	706
10463997	707
21547032	708
40867854	709
24783597	710
27279525	711
5735492	712
40721190	713
2820454	714
4391121	715
21439640	716
42782688	717
1156322	718
2665675	719
17708753	720
8906858	721
11900630	722
14475235	723
35314705	724
40710501	725
7548577	726
21902910	727
26107000	728
515489	729
12658073	730
15274349	731
24721866	732
30226988	733
35186640	734
1781626	735
20302714	736
46277811	737
10450300	738
10790846	739
13514898	740
14296612	741
29124963	742
5935987	743
12409683	744
24557631	745
28931537	746
41340212	747
409280	748
21301090	749
33036897	750
4455466	751
16980892	752
23535770	753
3590806	754
6993046	755
16812091	756
27166444	757
33884866	758
35495268	759
24443043	760
8524891	761
31942055	762
15237660	763
15482274	764
15657779	765
17691617	766
1996292	767
22467585	768
17914395	769
28017005	770
30580263	771
33030946	772
982650	773
24881307	774
25300664	775
37424881	776
5704562	777
6085365	778
36749390	779
997143	780
2605032	781
8122346	782
4474874	783
7655029	784
20610557	785
20754359	786
9185195	787
10145528	788
25293616	789
33684572	790
991139	791
26710772	792
6748318	793
21626639	794
4928282	795
7224632	796
2328272	797
8447873	798
24396137	799
13464392	800
6710713	801
13329980	802
13496853	803
24980622	804
28562710	805
4911006	806
26409363	807
2425364	808
31313782	809
1410197	810
13714201	811
33634749	812
17682477	813
38735355	814
45336190	815
18494847	816
38401028	817
18025240	818
27093166	819
8150638	820
19308127	821
3801693	822
16058322	823
14405193	824
23304931	825
23342845	826
3495456	827
14782049	828
16701509	829
39892135	830
3034412	831
20008796	832
26341063	833
1905095	834
2039912	835
19851614	836
25319221	837
4463588	838
4515975	839
18104691	840
4464565	841
27158570	842
2316374	843
4432763	844
13732033	845
22478394	846
21562657	847
22963769	848
23509593	849
25328476	850
31564409	851
13108582	852
1102268	853
2492146	854
3127341	855
16732790	856
42441846	857
1256116	858
26045237	859
32177659	860
37336085	861
41877386	862
393001	863
23073816	864
23423230	865
44830890	866
19071857	867
19658917	868
4500832	869
7986878	870
20422174	871
23785605	872
520579	873
20240998	874
2436602	875
4627816	876
3831884	877
38664102	878
21199527	879
25732836	880
29090823	881
29955650	882
2360905	883
7717468	884
18758057	885
25571386	886
27615329	887
36357627	888
4983	889
2424794	890
14328288	891
21373821	892
18199839	893
4611267	894
17231273	895
1889358	896
4427392	897
7547329	898
1831916	899
21958900	900
27260630	901
1196631	902
2389574	903
29947146	904
2028532	905
9095394	906
27647593	907
1191830	908
3981244	909
8002529	910
12100854	911
19368793	912
19843244	913
95764370	914
7357135	915
829646	916
1701063	917
31612088	918
6985854	919
13338820	920
27866735	921
140098548	922
2787558	923
3285322	924
15435343	925
15721252	926
22495397	927
29185044	928
35684881	929
37328025	930
13031967	931
43619625	932
2194320	933
3669694	934
10209731	935
22517564	936
22867765	937
19529370	938
24349430	939
5321708	940
7137057	941
43226130	942
5398179	943
32463364	944
34121231	945
1338283	946
1871499	947
24530633	948
31311495	949
40156901	950
2060137	951
18256197	952
21551568	953
20761364	954
752423	955
20473074	956
21902400	957
3776162	958
31616203	959
36288526	960
12030735	961
20454006	962
40996863	963
45401535	964
2032877	965
14198646	966
30041340	967
36642096	968
73473433	969
9254550	970
13411519	971
31562330	972
371289	973
12869200	974
25050364	975
3093512	976
18639989	977
11837657	978
18473550	979
23244529	980
6793674	981
12794099	982
17482507	983
35747505	984
37037012	985
11459139	986
14241418	987
23076291	988
2405259	989
7506409	990
17021845	991
18218379	992
35760786	993
37065914	994
6123521	995
6767271	996
7465900	997
13964633	998
14717500	999
15113221	1000
16853734	1001
1686881	1002
2048139	1003
9196472	1004
31229233	1005
32357890	1006
44672703	1007
6550579	1008
9274291	1009
12428137	1010
30208015	1011
41380943	1012
10247282	1013
20048431	1014
38712515	1015
4414547	1016
25293721	1017
207972	1018
3329824	1019
2479538	1020
23777820	1021
2541699	1022
13843341	1023
23284774	1024
3761017	1025
12582729	1026
18914652	1027
44640124	1028
45461275	1029
34386619	1030
4729644	1031
22178316	1032
22414304	1033
22711954	1034
23577867	1035
313394	1036
5395426	1037
38243984	1038
2295434	1039
9846940	1040
16669757	1041
32462603	1042
196664003	1043
9315213	1044
38751591	1045
39550665	1046
42601237	1047
24003461	1048
30464859	1049
11951999	1050
22500262	1051
19571273	1052
33912748	1053
6144969	1054
7583104	1055
11280569	1056
14145440	1057
21302115	1058
57762078	1059
22707413	1060
25786167	1061
36111909	1062
42913391	1063
43048059	1064
26058927	1065
36216395	1066
116792	1067
16626846	1068
36464673	1069
12943966	1070
13072113	1071
23737024	1072
24632480	1073
26611094	1074
32159283	1075
51386222	1076
1538080	1077
2485101	1078
3770750	1079
4416964	1080
9164724	1081
17209919	1082
7165938	1083
11020675	1084
24356383	1085
34268160	1086
471735	1087
4462777	1088
6323196	1089
9634465	1090
25251625	1091
15135001	1092
38882175	1093
263364	1094
24998764	1095
26079071	1096
3205945	1097
19675911	1098
12205576	1099
27240667	1100
8509018	1101
4423220	1102
25842866	1103
32777637	1104
4434951	1105
14471161	1106
4462139	1107
708425	1108
15983982	1109
34016987	1110
45153864	1111
5698494	1112
13293033	1113
29253460	1114
6945285	1115
8756719	1116
19685306	1117
23967973	1118
28707489	1119
29214508	1120
36960449	1121
3067015	1122
20544428	1123
33535447	1124
37964706	1125
38551172	1126
5409325	1127
14626540	1128
40312663	1129
6212802	1130
24917562	1131
35521287	1132
4679264	1133
8246090	1134
11728637	1135
14395738	1136
23783727	1137
4700428	1138
10068634	1139
24766509	1140
2030623	1141
11615422	1142
26848994	1143
38477436	1144
649951	1145
15563864	1146
21553394	1147
21700295	1148
25135304	1149
33960383	1150
6718824	1151
37438296	1152
42035464	1153
3828508	1154
11090688	1155
20887554	1156
25974070	1157
4323449	1158
8063697	1159
23013317	1160
188911	1161
12271486	1162
12994780	1163
18379855	1164
12561083	1165
14315749	1166
31884697	1167
1542437	1168
8037453	1169
8596837	1170
19804204	1171
22688699	1172
32721137	1173
41852733	1174
3984231	1175
4312169	1176
25148216	1177
37583120	1178
43566999	1179
23868856	1180
1243475	1181
5323845	1182
35329820	1183
202259	1184
2481032	1185
25263810	1186
44030361	1187
3552753	1188
21564598	1189
23763738	1190
23974474	1191
27076725	1192
32322418	1193
2931832	1194
5137019	1195
21108759	1196
36838958	1197
5649538	1198
19828689	1199
24916604	1200
32850528	1201
54490092	1202
750781	1203
1346695	1204
15128866	1205
23830488	1206
643765	1207
4492358	1208
11201004	1209
16546131	1210
17433284	1211
20585600	1212
22889972	1213
25562234	1214
7735859	1215
37916361	1216
15473205	1217
36202354	1218
5132358	1219
10557471	1220
24042363	1221
28894097	1222
40631095	1223
45200347	1224
7873737	1225
17049436	1226
12232678	1227
9513785	1228
7155555	1229
24408040	1230
34287602	1231
41310252	1232
7492420	1233
13448422	1234
19961177	1235
22623275	1236
23273454	1237
25915873	1238
25970224	1239
38793927	1240
23848916	1241
24896957	1242
3752408	1243
10074251	1244
11953232	1245
17173492	1246
31591262	1247
8856690	1248
20696397	1249
36345185	1250
10128893	1251
20886584	1252
4387784	1253
7852582	1254
6407356	1255
19855358	1256
23471400	1257
43378932	1258
22023404	1259
23017040	1260
23203102	1261
24285403	1262
24872571	1263
7419612	1264
35345807	1265
44562221	1266
129199129	1267
2097256	1268
9095943	1269
16905344	1270
30468386	1271
39558597	1272
20127522	1273
26047921	1274
10675756	1275
14195528	1276
14972169	1277
33458992	1278
22194407	1279
85693958	1280
9507605	1281
11254040	1282
31761981	1283
9831859	1284
1391126	1285
2130391	1286
4857085	1287
10607877	1288
15856466	1289
20611846	1290
24928817	1291
18537148	1292
4422723	1293
17897801	1294
21645205	1295
5864770	1296
28598374	1297
29148743	1298
43220289	1299
44935041	1300
22815457	1301
14340571	1302
15155862	1303
20977638	1304
23440856	1305
27138601	1306
27711043	1307
3150030	1308
4442799	1309
4468861	1310
7736860	1311
16098747	1312
17077004	1313
25628793	1314
26133404	1315
27438378	1316
15578265	1317
15816729	1318
52865789	1319
9211173	1320
23286603	1321
5222182	1322
5572127	1323
9814332	1324
11535539	1325
17462437	1326
23700330	1327
26011884	1328
356218	1329
7988832	1330
8892905	1331
14864285	1332
5597586	1333
15968271	1334
1759213	1335
8496132	1336
12513972	1337
13492264	1338
15425958	1339
23633726	1340
26019505	1341
4445629	1342
23983289	1343
25653703	1344
13205096	1345
14376683	1346
35543846	1347
51972698	1348
4418878	1349
8702697	1350
12086818	1351
12428497	1352
15215393	1353
198309074	1354
6491532	1355
8642784	1356
26030079	1357
41650417	1358
44624045	1359
11861374	1360
17779800	1361
21754541	1362
57783564	1363
10342807	1364
25263942	1365
30492966	1366
4321947	1367
6112053	1368
17168045	1369
20738970	1370
26673492	1371
5492542	1372
22922353	1373
34846352	1374
7142113	1375
24163770	1376
5152028	1377
23918031	1378
25789730	1379
40949706	1380
9813098	1381
18450716	1382
25838286	1383
27247460	1384
6121668	1385
6636088	1386
22153455	1387
41548287	1388
4418269	1389
6525844	1390
11349166	1391
663464	1392
8646760	1393
16527698	1394
21868715	1395
22159299	1396
11557602	1397
15617866	1398
22975806	1399
27602752	1400
42731834	1401
4951831	1402
8247469	1403
14700857	1404
23294314	1405
25606339	1406
25643818	1407
31200375	1408
44387884	1409
601033	1410
4387494	1411
5855168	1412
6723450	1413
10169908	1414
12145359	1415
12209494	1416
12383365	1417
24724242	1418
8995263	1419
9754833	1420
15561961	1421
23513718	1422
275294	1423
13322804	1424
13445579	1425
20287253	1426
22547508	1427
26612216	1428
37562370	1429
6807122	1430
21060008	1431
25373397	1432
25513319	1433
27150276	1434
14402338	1435
21719289	1436
24155601	1437
25747721	1438
11933721	1439
21641088	1440
1970884	1441
5433667	1442
45447613	1443
13702924	1444
14482051	1445
16016673	1446
23557241	1447
11705328	1448
40666943	1449
6397191	1450
9110810	1451
11884292	1452
799586	1453
4457834	1454
18346333	1455
20935673	1456
1986482	1457
6549091	1458
11721286	1459
14664424	1460
40655970	1461
20132778	1462
1171121	1463
8570690	1464
11238951	1465
25543207	1466
90064424	1467
19052713	1468
27054878	1469
1454773	1470
4350400	1471
24019260	1472
25799020	1473
456304	1474
5484763	1475
22509015	1476
32671519	1477
34189936	1478
35531883	1479
3210545	1480
6057195	1481
24705390	1482
42373943	1483
43752562	1484
12489688	1485
23665162	1486
40769868	1487
10072941	1488
10831818	1489
25988622	1490
36444198	1491
9767444	1492
11344428	1493
3870062	1494
6936141	1495
13373629	1496
23627419	1497
18670	1498
8144920	1499
40913091	1500
9547722	1501
20109325	1502
27449472	1503
31439189	1504
38727075	1505
4037034	1506
21479575	1507
45341480	1508
496873	1509
1285713	1510
4402497	1511
7373120	1512
7834603	1513
11983390	1514
14021596	1515
9498458	1516
11603066	1517
13231899	1518
21260231	1519
52925737	1520
12685434	1521
16232581	1522
19546104	1523
2242416	1524
10617916	1525
30981192	1526
3866315	1527
6945691	1528
8677721	1529
10576136	1530
36651210	1531
46437558	1532
4939312	1533
23397658	1534
25677651	1535
4388082	1536
39545358	1537
11200685	1538
19327364	1539
25315295	1540
71628189	1541
6841927	1542
14893425	1543
3230361	1544
24660385	1545
13277118	1546
11498670	1547
24311787	1548
3056682	1549
3083927	1550
8446259	1551
22980205	1552
23908217	1553
25726838	1554
8069939	1555
18236313	1556
31107919	1557
22490293	1558
19970015	1559
23400191	1560
37205759	1561
474325	1562
7005276	1563
38794814	1564
42465769	1565
77971703	1566
11742219	1567
24942840	1568
8290953	1569
8639034	1570
18261004	1571
35724562	1572
37768883	1573
7386360	1574
7613033	1575
10704438	1576
15570691	1577
25050969	1578
12513042	1579
15248287	1580
25182647	1581
751192	1582
21050357	1583
6268106	1584
10906636	1585
11578459	1586
22549449	1587
79447	1588
6251620	1589
23331269	1590
25416944	1591
26108767	1592
73136607	1593
2466614	1594
18190552	1595
22800314	1596
34369306	1597
16180601	1598
17088791	1599
20732789	1600
25353658	1601
29422484	1602
2058909	1603
14834714	1604
24974080	1605
24918110	1606
25499612	1607
25953438	1608
6128334	1609
23576726	1610
23901235	1611
1286352	1612
6863070	1613
8398627	1614
44562904	1615
24998637	1616
26064942	1617
4465735	1618
39424916	1619
42800527	1620
343052	1621
4411760	1622
41928290	1623
44737533	1624
2665425	1625
22186938	1626
36547290	1627
5487448	1628
29015485	1629
24834968	1630
25657127	1631
13933299	1632
29807737	1633
2151983	1634
2659805	1635
5431268	1636
27188320	1637
25261168	1638
34760396	1639
35149431	1640
6083952	1641
24988745	1642
25742130	1643
30292811	1644
19238	1645
6042706	1646
10958594	1647
12130200	1648
14192687	1649
24190159	1650
25049067	1651
36180468	1652
38131471	1653
1349033	1654
14079881	1655
2727303	1656
7708803	1657
16128711	1658
22007333	1659
22446093	1660
44409062	1661
8692744	1662
15194125	1663
9956893	1664
11271123	1665
17236106	1666
20999249	1667
43054703	1668
7034001	1669
39539647	1670
3222187	1671
4641348	1672
9291668	1673
20659283	1674
13958154	1675
19673227	1676
21048969	1677
25121903	1678
25806385	1679
25878014	1680
26112696	1681
32423829	1682
3531388	1683
8038329	1684
20996244	1685
25690564	1686
25900857	1687
364522	1688
22362025	1689
24979644	1690
41074251	1691
6426919	1692
12662435	1693
23727313	1694
40412980	1695
3140772	1696
3616843	1697
11244195	1698
23206239	1699
23649163	1700
17876040	1701
36271512	1702
15948830	1703
21789744	1704
24237492	1705
24707550	1706
40935722	1707
3790895	1708
6650933	1709
34498093	1710
24706198	1711
654735	1712
8814634	1713
33068577	1714
38830961	1715
1192458	1716
4319174	1717
12805683	1718
34445160	1719
5107861	1720
8671456	1721
9334631	1722
8494570	1723
9460704	1724
21602220	1725
14380875	1726
2841164	1727
10698739	1728
11256632	1729
18882947	1730
26099680	1731
34101101	1732
36310858	1733
2205779	1734
3285059	1735
24042919	1736
8417211	1737
23267371	1738
23664875	1739
39426225	1740
25687558	1741
14105446	1742
13823200	1743
7042304	1744
11899391	1745
12039953	1746
32927475	1747
2139357	1748
10574949	1749
20839751	1750
21956124	1751
984825	1752
2559303	1753
2593298	1754
14973286	1755
23439808	1756
25104843	1757
12443371	1758
20645538	1759
24323369	1760
46517055	1761
8005007	1762
9754530	1763
20610390	1764
23912923	1765
3553087	1766
4407455	1767
5586392	1768
17338543	1769
4462155	1770
14275671	1771
20130904	1772
1840993	1773
7711685	1774
10562341	1775
13069283	1776
20288322	1777
24922825	1778
4999387	1779
19278208	1780
14252892	1781
15889329	1782
24346598	1783
25994317	1784
3930020	1785
25404036	1786
1365188	1787
25440070	1788
39225849	1789
40558887	1790
3190689	1791
7211056	1792
28334217	1793
69045262	1794
23195674	1795
23959496	1796
25452937	1797
29367554	1798
38623601	1799
5836	1800
24097933	1801
25599283	1802
5774746	1803
7948486	1804
15593561	1805
26025370	1806
27686445	1807
36708463	1808
38143689	1809
4381486	1810
24712186	1811
7647224	1812
11935250	1813
20767776	1814
11230569	1815
878526	1816
7808055	1817
11415809	1818
24730100	1819
756887	1820
10766688	1821
13831558	1822
19343151	1823
19756935	1824
12785130	1825
25124117	1826
1275505	1827
12236208	1828
15286783	1829
16108876	1830
23702805	1831
29231620	1832
6129301	1833
25298276	1834
7757997	1835
21414718	1836
39851630	1837
16056410	1838
26059876	1839
17933691	1840
27393799	1841
712078	1842
13902570	1843
20526907	1844
21957231	1845
21258863	1846
21931005	1847
142562844	1848
8318922	1849
18414462	1850
26658659	1851
33569870	1852
45651303	1853
7468449	1854
13573143	1855
29828242	1856
38410121	1857
344240	1858
3504761	1859
38369817	1860
7764903	1861
7627167	1862
9973014	1863
43647194	1864
67045088	1865
6308416	1866
12358173	1867
12909503	1868
22036571	1869
38944245	1870
58050905	1871
97884	1872
4695107	1873
16686383	1874
17506075	1875
35231675	1876
4313478	1877
8325952	1878
12932176	1879
13921526	1880
20261352	1881
38040186	1882
583260	1883
10669939	1884
13172737	1885
18098290	1886
24249915	1887
24624992	1888
26445118	1889
45764440	1890
13398997	1891
14386505	1892
25837950	1893
26025820	1894
9420732	1895
2053540	1896
2851611	1897
8327914	1898
10530014	1899
20690388	1900
38028419	1901
1771079	1902
1976183	1903
2335873	1904
623486	1905
3878434	1906
25937484	1907
198133135	1908
13519661	1909
13857083	1910
40584205	1911
45920278	1912
143251	1913
15360986	1914
4335423	1915
9538708	1916
10889845	1917
13380011	1918
40900242	1919
19182166	1920
7036529	1921
10852047	1922
18574146	1923
24186125	1924
9306247	1925
9539248	1926
18488986	1927
32611468	1928
58564850	1929
1574014	1930
2344892	1931
10666475	1932
19651306	1933
42314147	1934
86211914	1935
16172576	1936
25462689	1937
32250572	1938
46451940	1939
3572885	1940
9379687	1941
13368032	1942
24524403	1943
27167110	1944
24384587	1945
4961038	1946
9591368	1947
12470783	1948
4456756	1949
6415816	1950
27545868	1951
40232172	1952
85394684	1953
4325398	1954
7281161	1955
8748720	1956
24523573	1957
1022115	1958
22241778	1959
23036207	1960
24347647	1961
16511863	1962
17628888	1963
73323408	1964
381602	1965
1904291	1966
4409524	1967
5223817	1968
26124606	1969
10162553	1970
16562534	1971
5573975	1972
25725663	1973
7317051	1974
9588931	1975
18557974	1976
26026009	1977
23148978	1978
4366738	1979
5828251	1980
10165723	1981
12899612	1982
14180565	1983
4412772	1984
12549585	1985
5700349	1986
20821402	1987
21230110	1988
25238950	1989
5085118	1990
13801259	1991
25041967	1992
25062868	1993
4421787	1994
31634628	1995
4373433	1996
18144189	1997
20052986	1998
24318630	1999
12224536	2000
15727984	2001
29107210	2002
12922760	2003
28149602	2004
42080024	2005
140874	2006
23913146	2007
4364884	2008
5476778	2009
17877537	2010
19485649	2011
7875158	2012
9217800	2013
9285396	2014
21502234	2015
37204802	2016
43855756	2017
86231298	2018
4246523	2019
7433668	2020
24906548	2021
2359152	2022
16737163	2023
881332	2024
4398832	2025
10559501	2026
11581157	2027
39985001	2028
42377686	2029
13223806	2030
22130056	2031
3973445	2032
33063763	2033
33638477	2034
597790	2035
17973161	2036
2506153	2037
8133050	2038
16119973	2039
25014337	2040
15040589	2041
20868160	2042
36033696	2043
2810997	2044
5993745	2045
13036442	2046
21219071	2047
24335068	2048
25001628	2049
39729277	2050
888896	2051
7662395	2052
17415081	2053
33872649	2054
2679511	2055
7487927	2056
14803797	2057
21932297	2058
29657303	2059
31902059	2060
4856149	2061
8570478	2062
21392703	2063
32766786	2064
243694	2065
21287352	2066
25045244	2067
26016929	2068
2565138	2069
3174305	2070
3514072	2071
5268462	2072
14719322	2073
21878751	2074
33835579	2075
92308	2076
4303939	2077
14934137	2078
15541119	2079
23160444	2080
33387953	2081
17123316	2082
22185730	2083
36450001	2084
41264017	2085
14118484	2086
24645237	2087
86326468	2088
3173489	2089
10024681	2090
20608982	2091
37437064	2092
40667066	2093
1472815	2094
34630025	2095
94365950	2096
19822046	2097
24726600	2098
711256	2099
1576955	2100
2601324	2101
15551129	2102
37628989	2103
12240507	2104
14544564	2105
16057926	2106
17934603	2107
20186814	2108
22896384	2109
13441537	2110
23100220	2111
17422777	2112
25493293	2113
12800122	2114
13914198	2115
25504006	2116
25938221	2117
2319305	2118
20602517	2119
43587663	2120
52824661	2121
6270720	2122
15282056	2123
28845338	2124
36991551	2125
11840194	2126
15335331	2127
1203035	2128
739734	2129
12058271	2130
12315072	2131
16167746	2132
195317463	2133
8963413	2134
13923069	2135
24795767	2136
1944452	2137
13458119	2138
21392223	2139
22632303	2140
26117607	2141
6431384	2142
10827901	2143
13290521	2144
17438862	2145
36211049	2146
6820680	2147
9909405	2148
10279084	2149
21644993	2150
39174007	2151
7840442	2152
13966946	2153
20851402	2154
32454714	2155
154763124	2156
1471041	2157
8083310	2158
35811036	2159
37677954	2160
1684489	2161
6673421	2162
19701340	2163
9752604	2164
16705338	2165
17447653	2166
25787749	2167
60515890	2168
3610080	2169
14652521	2170
24512417	2171
8385277	2172
13938878	2173
14920021	2174
35711485	2175
17101262	2176
14768471	2177
19799455	2178
20381484	2179
28164534	2180
32787042	2181
7581911	2182
13959707	2183
20943272	2184
11902109	2185
14019636	2186
36904081	2187
45408403	2188
15081770	2189
16863359	2190
30861948	2191
33203108	2192
40590358	2193
7481159	2194
14647747	2195
44660616	2196
46353045	2197
6387956	2198
13466622	2199
1153655	2200
10931595	2201
16806763	2202
83707680	2203
6588614	2204
15337254	2205
44586415	2206
41403996	2207
8148304	2208
19824183	2209
21053753	2210
23599024	2211
23865182	2212
25946292	2213
5765455	2214
26378103	2215
45581752	2216
8593263	2217
39593548	2218
236204	2219
10450725	2220
22080671	2221
22198971	2222
25022826	2223
41165286	2224
45218443	2225
7650066	2226
24596228	2227
24586989	2228
25157790	2229
2686003	2230
8250852	2231
14819804	2232
20128547	2233
25523969	2234
34498325	2235
11716783	2236
15669393	2237
21373240	2238
35660758	2239
502591	2240
10937190	2241
365896	2242
10874408	2243
25388309	2244
2891825	2245
6137330	2246
9769684	2247
10608822	2248
24770122	2249
10795340	2250
23594156	2251
26990001	2252
39929509	2253
43311750	2254
28243325	2255
8764879	2256
9648896	2257
27306942	2258
13578199	2259
13948920	2260
26374799	2261
19854744	2262
24625323	2263
36233757	2264
4429932	2265
11992632	2266
20179918	2267
25175997	2268
7997337	2269
23305547	2270
35714909	2271
5273056	2272
18734652	2273
25186412	2274
44693226	2275
15926408	2276
18264714	2277
21993510	2278
97566194	2279
1855679	2280
10189634	2281
25259746	2282
154549459	2283
4036038	2284
4653837	2285
16745747	2286
5979056	2287
20045514	2288
831167	2289
1595617	2290
3662132	2291
12122482	2292
39668245	2293
44500794	2294
1800734	2295
8354687	2296
4462079	2297
16233471	2298
18938992	2299
17463549	2300
23573229	2301
24555878	2302
24770913	2303
25886725	2304
27900414	2305
3770726	2306
4378885	2307
6722522	2308
7821634	2309
11831598	2310
7813993	2311
17416520	2312
39084565	2313
2291922	2314
13765757	2315
16929739	2316
31834381	2317
1631583	2318
2890952	2319
18750453	2320
22890091	2321
1546650	2322
32598644	2323
71341302	2324
3512154	2325
19532163	2326
30351165	2327
38043606	2328
43283375	2329
8665891	2330
20311968	2331
39443128	2332
10577574	2333
15414628	2334
17539488	2335
23863551	2336
27822315	2337
30658796	2338
1791637	2339
5172048	2340
5800138	2341
13794374	2342
29190724	2343
43014661	2344
11630388	2345
14938990	2346
23269537	2347
33417012	2348
5304891	2349
8219248	2350
21498497	2351
3672261	2352
4406819	2353
19561411	2354
21297708	2355
23460562	2356
54561709	2357
9599194	2358
4345315	2359
7198295	2360
26495128	2361
5556809	2362
11420613	2363
28724565	2364
51706771	2365
25827024	2366
26596106	2367
32534305	2368
34198460	2369
4688277	2370
21489324	2371
26607366	2372
27270151	2373
27403802	2374
7486516	2375
719812	2376
4325137	2377
4469125	2378
21456232	2379
33507866	2380
36355784	2381
18575183	2382
5650232	2383
20183360	2384
23716150	2385
24555417	2386
28928964	2387
1522336	2388
3435889	2389
8453819	2390
9272598	2391
17731780	2392
22059387	2393
6259170	2394
9239963	2395
21922424	2396
313403	2397
13025574	2398
13780287	2399
16787954	2400
22561064	2401
36399109	2402
3899896	2403
32532238	2404
17656445	2405
25993718	2406
42240424	2407
46355579	2408
3845894	2409
12086599	2410
12411274	2411
16056514	2412
21636085	2413
52873726	2414
4418112	2415
8208212	2416
14530534	2417
1006165	2418
8246922	2419
36654066	2420
1281769	2421
1554348	2422
4423327	2423
5278233	2424
12631182	2425
17991818	2426
30884033	2427
39970500	2428
16427454	2429
20279166	2430
37699461	2431
9197786	2432
9478135	2433
12451492	2434
20471181	2435
21382907	2436
32084655	2437
52095986	2438
3981033	2439
4394817	2440
4396105	2441
5633957	2442
6766459	2443
11428884	2444
13831842	2445
1215116	2446
2844490	2447
6148876	2448
4326318	2449
16572581	2450
24082820	2451
27460509	2452
30369606	2453
4380004	2454
17518195	2455
21884449	2456
35004872	2457
8780599	2458
9899292	2459
21943141	2460
42267740	2461
857189	2462
8747771	2463
9178310	2464
24652030	2465
26121646	2466
31803596	2467
34582256	2468
18276599	2469
45908102	2470
25475802	2471
43224840	2472
9680193	2473
21380348	2474
22488511	2475
36399107	2476
435529	2477
6374918	2478
14082855	2479
23513818	2480
15176526	2481
18447487	2482
22674621	2483
439670	2484
6417632	2485
14092737	2486
21063817	2487
35008773	2488
6319826	2489
13889962	2490
10786948	2491
20460020	2492
175735	2493
935034	2494
1333643	2495
7666498	2496
10284593	2497
33397197	2498
5775033	2499
11784947	2500
19994006	2501
30915421	2502
1084345	2503
3545805	2504
5782614	2505
7177329	2506
9904546	2507
10641715	2508
14362780	2509
32556431	2510
1748921	2511
9169645	2512
32353339	2513
6599693	2514
13618987	2515
15778034	2516
15928989	2517
26071782	2518
4429388	2519
40987633	2520
11401602	2521
16201748	2522
16346504	2523
38037690	2524
38784540	2525
49432306	2526
4405194	2527
19132741	2528
25134146	2529
25254425	2530
37912677	2531
45449835	2532
4387484	2533
12102963	2534
14116046	2535
22938539	2536
33920995	2537
59453688	2538
10443642	2539
15058155	2540
17208742	2541
72580164	2542
4959368	2543
6280907	2544
16882895	2545
24241932	2546
26008063	2547
29473081	2548
39481265	2549
41774099	2550
665817	2551
1836154	2552
8082528	2553
13916484	2554
33955641	2555
2904102	2556
7925817	2557
1145473	2558
18446525	2559
19736671	2560
29429111	2561
2052720	2562
3360428	2563
9539753	2564
15472716	2565
16242975	2566
21590125	2567
22544171	2568
33535222	2569
38355793	2570
51817902	2571
7223604	2572
40087494	2573
8352137	2574
8997410	2575
9748934	2576
4886637	2577
11469078	2578
14333540	2579
9791313	2580
18592108	2581
19572798	2582
410286	2583
8909176	2584
1065627	2585
25420421	2586
116075383	2587
8428837	2588
9159125	2589
9796495	2590
28651643	2591
31851367	2592
40127292	2593
3710557	2594
4547102	2595
6207111	2596
24828165	2597
516867	2598
928281	2599
24307695	2600
25519138	2601
41329906	2602
4430962	2603
24521894	2604
21181273	2605
31154082	2606
37488367	2607
14726759	2608
34054472	2609
37762357	2610
2264455	2611
20402596	2612
67787658	2613
11922370	2614
14535322	2615
21250322	2616
24863571	2617
1336292	2618
4658268	2619
6948886	2620
4346731	2621
8596357	2622
11968641	2623
14717213	2624
22901758	2625
31844040	2626
32001951	2627
5956016	2628
25897733	2629
27889071	2630
28195565	2631
52850476	2632
1887056	2633
10010651	2634
45143088	2635
1292369	2636
21459247	2637
13868795	2638
27772649	2639
28390999	2640
56528795	2641
13760557	2642
27437459	2643
44629665	2644
11441172	2645
11721676	2646
25052749	2647
15670968	2648
24387017	2649
24760136	2650
39506601	2651
9658390	2652
10669582	2653
24864273	2654
29288582	2655
2522977	2656
8396189	2657
22003328	2658
25738896	2659
37296667	2660
40234452	2661
238409	2662
3001685	2663
4388470	2664
8317408	2665
21465696	2666
46346525	2667
10627801	2668
12030680	2669
19358586	2670
19708993	2671
21150010	2672
4085204	2673
14644164	2674
25629722	2675
30835854	2676
41182002	2677
29863668	2678
33118292	2679
4421547	2680
7020505	2681
13179318	2682
4393153	2683
6121555	2684
22534357	2685
25175223	2686
13782317	2687
24423427	2688
6171953	2689
8925851	2690
17374970	2691
31554917	2692
41087952	2693
1148122	2694
1782201	2695
2682997	2696
9600826	2697
11868606	2698
34066665	2699
46743299	2700
1754001	2701
10365749	2702
15678772	2703
23369842	2704
24943534	2705
13963620	2706
14205246	2707
30034334	2708
7396492	2709
23260700	2710
27396415	2711
213017	2712
8903143	2713
43661837	2714
22180793	2715
3113630	2716
7416873	2717
24989194	2718
38752049	2719
7059897	2720
28015516	2721
9171913	2722
13621186	2723
22682497	2724
43534665	2725
2958458	2726
3707035	2727
4449524	2728
5002665	2729
23816832	2730
1866911	2731
8512633	2732
9612317	2733
14926162	2734
18694784	2735
28230867	2736
42484543	2737
11359243	2738
3270834	2739
12824568	2740
15790930	2741
28392393	2742
51952430	2743
1635872	2744
3698758	2745
4319844	2746
22530842	2747
22705234	2748
25813706	2749
712320	2750
25858295	2751
72159	2752
4418070	2753
4423559	2754
34074902	2755
40429879	2756
5473074	2757
14419116	2758
70115	2759
19130782	2760
23377475	2761
2721426	2762
3105781	2763
27555165	2764
37256966	2765
3118719	2766
4164929	2767
8126244	2768
14131683	2769
37029185	2770
42298280	2771
46305977	2772
4336849	2773
15121114	2774
45027320	2775
30297355	2776
32481310	2777
34935825	2778
40901687	2779
980008	2780
1358909	2781
5238341	2782
5262240	2783
15491308	2784
2638387	2785
6669242	2786
22038539	2787
30741007	2788
1744097	2789
5372432	2790
5612738	2791
8604837	2792
13936152	2793
21141798	2794
21521236	2795
55128127	2796
86694016	2797
21914176	2798
23586085	2799
994800	2800
7028976	2801
12631697	2802
25832301	2803
1641873	2804
17119869	2805
17553026	2806
23100962	2807
854417	2808
4347374	2809
6788835	2810
71625969	2811
2402323	2812
14835068	2813
20399078	2814
14367469	2815
14865329	2816
18064113	2817
17000834	2818
27712433	2819
28517384	2820
798152	2821
4932668	2822
5838067	2823
6290112	2824
8476213	2825
26886351	2826
86704258	2827
4680262	2828
13441037	2829
30813140	2830
34615397	2831
9291596	2832
14103509	2833
24234341	2834
25623469	2835
37608303	2836
5785219	2837
6315132	2838
21380232	2839
31001322	2840
33669399	2841
36386637	2842
1360607	2843
27527854	2844
39859981	2845
25973484	2846
15347087	2847
24873253	2848
29381091	2849
30720103	2850
43417006	2851
7114092	2852
8839502	2853
28441310	2854
4421746	2855
11288846	2856
13205803	2857
29788648	2858
43192375	2859
4324278	2860
8538916	2861
20829129	2862
37156349	2863
1049501	2864
3619931	2865
6776834	2866
21601459	2867
39390206	2868
41024260	2869
6000423	2870
18275697	2871
25413327	2872
6796297	2873
8137081	2874
28910120	2875
29107180	2876
70455704	2877
8868863	2878
927561	2879
12152977	2880
22896970	2881
23117928	2882
4361990	2883
20186513	2884
20344442	2885
13889430	2886
33390472	2887
4385779	2888
5284188	2889
5821617	2890
22482820	2891
25641414	2892
3321943	2893
15879544	2894
29467201	2895
9393969	2896
9732010	2897
24550453	2898
25576204	2899
96222213	2900
4447055	2901
7421677	2902
29735200	2903
3376731	2904
8002887	2905
32023005	2906
11616424	2907
21271817	2908
7729656	2909
11335860	2910
14178995	2911
21859699	2912
25742205	2913
2825380	2914
9787715	2915
49556906	2916
23618826	2917
35448676	2918
39164524	2919
4394525	2920
11884867	2921
12225214	2922
25649714	2923
30534237	2924
40090058	2925
11156883	2926
12197393	2927
31293581	2928
33918970	2929
39304380	2930
12074066	2931
18467982	2932
19315511	2933
7878807	2934
17023584	2935
17939443	2936
2604063	2937
8133180	2938
25068298	2939
4427060	2940
4979184	2941
6070278	2942
13384318	2943
47240151	2944
6325527	2945
32712381	2946
36950726	2947
9301606	2948
24923605	2949
26474812	2950
14464451	2951
19521501	2952
35993767	2953
44614949	2954
11921405	2955
16966326	2956
8087082	2957
13814480	2958
22908536	2959
36398420	2960
42330403	2961
4407318	2962
5914739	2963
17055665	2964
24541180	2965
25761154	2966
600808	2967
7869794	2968
22281684	2969
23604601	2970
24338780	2971
37727521	2972
42944505	2973
1180972	2974
4709641	2975
5266423	2976
2140513	2977
3621011	2978
4067274	2979
5860364	2980
6227220	2981
22150633	2982
23078022	2983
26798867	2984
39571812	2985
46112052	2986
7912	2987
15966318	2988
23841828	2989
15570962	2990
34753204	2991
43156471	2992
43880096	2993
1241113	2994
10086360	2995
20646904	2996
23418635	2997
23804187	2998
266641	2999
3215494	3000
8006440	3001
22997657	3002
25691878	3003
32743723	3004
43990286	3005
2692522	3006
7766808	3007
18489989	3008
20374609	3009
26501027	3010
5386514	3011
35062452	3012
3475317	3013
11484808	3014
20330519	3015
23388442	3016
23915841	3017
4300851	3018
7734150	3019
44408494	3020
10359591	3021
4452659	3022
7795952	3023
13048272	3024
37641175	3025
17454301	3026
20363389	3027
106301	3028
4993011	3029
24558930	3030
13380980	3031
16375102	3032
17967608	3033
20725212	3034
45166582	3035
4362729	3036
4701662	3037
9433958	3038
10015292	3039
22995164	3040
25439264	3041
28592273	3042
45770026	3043
9047718	3044
18810195	3045
53302393	3046
145416918	3047
6625693	3048
16712164	3049
19204979	3050
30303335	3051
14300799	3052
22505190	3053
14149065	3054
20231138	3055
15659108	3056
19205437	3057
19950357	3058
39776978	3059
2236768	3060
4321295	3061
7549811	3062
28271439	3063
24211561	3064
25550665	3065
2212067	3066
4417177	3067
26625002	3068
40005757	3069
40473317	3070
5099266	3071
18084826	3072
18153456	3073
38811597	3074
1964163	3075
4373445	3076
9997636	3077
15983148	3078
32776084	3079
6847208	3080
13592721	3081
17421851	3082
25691541	3083
31070360	3084
38380061	3085
2754534	3086
4795303	3087
36432234	3088
9646449	3089
18806488	3090
22937651	3091
38899659	3092
3430789	3093
17587795	3094
31141365	3095
970012	3096
7848113	3097
13969173	3098
17671145	3099
38587347	3100
2991954	3101
8458567	3102
20326526	3103
4463811	3104
7454794	3105
20428155	3106
46565968	3107
6106004	3108
29691654	3109
40323454	3110
3437084	3111
20418809	3112
35987381	3113
2825340	3114
16839245	3115
20280410	3116
3692112	3117
27840664	3118
41131087	3119
44674301	3120
164985	3121
6386930	3122
7115651	3123
11886686	3124
25737507	3125
29509926	3126
35962023	3127
38873881	3128
2973910	3129
3863543	3130
4418582	3131
26688294	3132
5260382	3133
11041152	3134
20459964	3135
22767022	3136
32408470	3137
42836872	3138
11181416	3139
18237384	3140
19497526	3141
36855703	3142
6690087	3143
24995939	3144
34469966	3145
40096222	3146
3202143	3147
9451052	3148
11117679	3149
11674596	3150
18949516	3151
22483580	3152
2758012	3153
5811042	3154
10542877	3155
13882658	3156
16086778	3157
19460822	3158
20764484	3159
35321950	3160
1617327	3161
4452318	3162
6123924	3163
13042119	3164
16280642	3165
1070920	3166
2211868	3167
3874000	3168
8477699	3169
9724974	3170
12827098	3171
18126445	3172
83667891	3173
3619372	3174
4460880	3175
20649735	3176
7039855	3177
8698208	3178
13965483	3179
15879931	3180
2460304	3181
4446814	3182
7622767	3183
11289247	3184
14461101	3185
15491404	3186
41900731	3187
4138659	3188
4401289	3189
7093809	3190
8771704	3191
9650982	3192
28249680	3193
164189	3194
219475	3195
3684342	3196
6477740	3197
16472469	3198
18207615	3199
32587939	3200
40500438	3201
43390777	3202
1991105	3203
2853685	3204
14541844	3205
15588516	3206
18429416	3207
22371455	3208
27635177	3209
33667484	3210
1733337	3211
13764090	3212
15945975	3213
23495058	3214
33677323	3215
9199796	3216
19487477	3217
26008462	3218
32275758	3219
40254495	3220
2603304	3221
3720107	3222
13283919	3223
18956141	3224
4767806	3225
18546584	3226
22482024	3227
1818578	3228
2853291	3229
6404801	3230
15590539	3231
24221369	3232
52868579	3233
2462673	3234
7230315	3235
15635366	3236
21232018	3237
21884059	3238
31882215	3239
6565037	3240
16495649	3241
16627684	3242
41925568	3243
43122426	3244
20937018	3245
21366394	3246
22635278	3247
503050	3248
5256564	3249
7521113	3250
8519911	3251
9638032	3252
10247314	3253
12640810	3254
23253955	3255
34876410	3256
16734530	3257
14637235	3258
16626264	3259
18027063	3260
40963697	3261
4423401	3262
3444507	3263
9558539	3264
17402386	3265
36480032	3266
7681810	3267
11390393	3268
16066726	3269
23686039	3270
485020	3271
3840043	3272
12280462	3273
12948892	3274
1173667	3275
1265945	3276
5511240	3277
6955746	3278
12324049	3279
25928548	3280
7860396	3281
25597580	3282
4311206	3283
7285256	3284
9091863	3285
13759726	3286
1449692	3287
3152612	3288
13583521	3289
14965508	3290
15305881	3291
16090672	3292
8305686	3293
12364109	3294
13000926	3295
12801438	3296
32101982	3297
45820464	3298
15129362	3299
9505402	3300
17188921	3301
22267225	3302
22972632	3303
5752492	3304
6472746	3305
21203899	3306
32955023	3307
44947611	3308
20743803	3309
21046889	3310
29023309	3311
195689757	3312
5468807	3313
13639330	3314
26083387	3315
6710699	3316
7482674	3317
20697217	3318
24185667	3319
29022271	3320
34338075	3321
2177022	3322
4899981	3323
9500590	3324
22874817	3325
25355575	3326
6913227	3327
23929297	3328
26112624	3329
6219790	3330
17844478	3331
28809022	3332
31514338	3333
37182501	3334
8460275	3335
28783084	3336
54561384	3337
2014909	3338
3773719	3339
14185503	3340
27123743	3341
4407385	3342
20456030	3343
22358449	3344
23245050	3345
33986200	3346
40349336	3347
57574395	3348
82665667	3349
3952288	3350
9412420	3351
9929089	3352
10641162	3353
29362104	3354
418246	3355
3882374	3356
6812319	3357
11071351	3358
28468276	3359
471921	3360
949309	3361
3230557	3362
5270265	3363
17591478	3364
20334484	3365
24530130	3366
641786	3367
1068106	3368
6076903	3369
13624704	3370
16964262	3371
37450671	3372
41493639	3373
45199834	3374
1071991	3375
2158516	3376
22042345	3377
29025270	3378
4303075	3379
6157371	3380
39637840	3381
39801095	3382
3765739	3383
6061927	3384
7299977	3385
21216726	3386
23934390	3387
25344732	3388
1469751	3389
4389394	3390
4457160	3391
6609935	3392
16736872	3393
22852120	3394
30261663	3395
40667577	3396
10648422	3397
20018321	3398
20083834	3399
24496245	3400
24879055	3401
4444861	3402
5106691	3403
6535392	3404
6828370	3405
16237005	3406
21870716	3407
29689140	3408
11844791	3409
13583615	3410
20310709	3411
37362689	3412
144801076	3413
6144337	3414
8563659	3415
9675944	3416
13903052	3417
15946643	3418
19951373	3419
41644178	3420
1234098	3421
11844826	3422
13106686	3423
27391365	3424
28704738	3425
70704988	3426
1910120	3427
2437807	3428
3033830	3429
5372773	3430
12670680	3431
21257564	3432
22312627	3433
23342686	3434
29366489	3435
34603465	3436
42520882	3437
12691537	3438
14555750	3439
27061085	3440
34071621	3441
17194716	3442
21221346	3443
13777138	3444
20501163	3445
26244918	3446
123859	3447
3464191	3448
13552682	3449
15832146	3450
15953181	3451
16267205	3452
23704559	3453
79696454	3454
14191255	3455
27910499	3456
1371440	3457
3400973	3458
6441369	3459
29504413	3460
1676568	3461
1852826	3462
3419709	3463
12040627	3464
21093407	3465
32697244	3466
40383969	3467
5579368	3468
803312	3469
8247597	3470
9669099	3471
14591894	3472
14923462	3473
15462523	3474
30714190	3475
20630805	3476
23403754	3477
28006126	3478
30152134	3479
44562058	3480
144555102	3481
8331432	3482
14434123	3483
15512462	3484
22107641	3485
33076846	3486
34198365	3487
6054657	3488
13011249	3489
3308636	3490
8502193	3491
10526279	3492
14446279	3493
27588420	3494
37969403	3495
14308244	3496
15707049	3497
17695748	3498
21598000	3499
25811797	3500
2543135	3501
7488455	3502
9226649	3503
24049225	3504
40760684	3505
1686997	3506
7944381	3507
15955172	3508
16364639	3509
20942644	3510
4422868	3511
13277039	3512
18231257	3513
28614776	3514
35884026	3515
36860856	3516
8386609	3517
9197092	3518
27567994	3519
34103335	3520
10795063	3521
14496749	3522
15803282	3523
29125354	3524
4889228	3525
5377059	3526
18231807	3527
18374364	3528
24144677	3529
4391685	3530
4550036	3531
9076196	3532
12265561	3533
18037805	3534
368506	3535
3107733	3536
4465608	3537
14581009	3538
21033230	3539
26089649	3540
35395662	3541
45244537	3542
7370282	3543
12207340	3544
16939583	3545
23141360	3546
33904789	3547
45154987	3548
301838	3549
327319	3550
6421792	3551
7426741	3552
11532028	3553
18399038	3554
18662787	3555
36921186	3556
1605392	3557
8425533	3558
8724666	3559
24670522	3560
39285547	3561
5500086	3562
7451607	3563
11659421	3564
18909530	3565
13400643	3566
20033112	3567
23887844	3568
26996935	3569
301866	3570
1031534	3571
1344498	3572
6372244	3573
10944947	3574
21487212	3575
30553457	3576
469066	3577
3727986	3578
6826100	3579
12428814	3580
13002003	3581
25141908	3582
4583180	3583
5116145	3584
19912367	3585
24498673	3586
24713020	3587
40735046	3588
16541762	3589
21676556	3590
42693833	3591
935538	3592
5922085	3593
9993008	3594
2613775	3595
4421578	3596
5551138	3597
17412260	3598
23932173	3599
30224907	3600
21383026	3601
35768199	3602
7029990	3603
20148808	3604
23420615	3605
30507607	3606
42278130	3607
15478227	3608
19683625	3609
600437	3610
797114	3611
1569031	3612
4816339	3613
10078024	3614
12650610	3615
20313748	3616
22049489	3617
37895688	3618
43711341	3619
85326624	3620
4399311	3621
13777706	3622
16284655	3623
23208167	3624
30933307	3625
9159495	3626
19482914	3627
22406695	3628
27569370	3629
42373087	3630
4702639	3631
8427306	3632
13980338	3633
20054396	3634
53779698	3635
335029	3636
1127562	3637
7568596	3638
31495049	3639
41239107	3640
1727493	3641
2276126	3642
5966635	3643
9784254	3644
11291348	3645
21114100	3646
3730196	3647
12486491	3648
16355392	3649
25069745	3650
36816310	3651
2443495	3652
4162857	3653
10624000	3654
13513790	3655
14797520	3656
15655418	3657
87337034	3658
1550937	3659
7150238	3660
10482574	3661
10991183	3662
11238784	3663
13912224	3664
14171859	3665
41159361	3666
46328296	3667
104143831	3668
1921218	3669
3960385	3670
11771811	3671
13030852	3672
13779605	3673
14610165	3674
41735503	3675
2356950	3676
2701077	3677
3805841	3678
5436081	3679
9580772	3680
20554003	3681
26902591	3682
30398773	3683
41710132	3684
1982286	3685
87610599	3686
3099497	3687
4320424	3688
18924534	3689
22696649	3690
23122306	3691
380526	3692
6285534	3693
11674288	3694
108886332	3695
18421962	3696
23190392	3697
8816869	3698
12881593	3699
18361917	3700
18600579	3701
1727042	3702
13905670	3703
14848619	3704
28071965	3705
32194449	3706
1226452	3707
4306711	3708
9304312	3709
14853989	3710
25007443	3711
5560962	3712
8774475	3713
10365787	3714
14338915	3715
18576103	3716
21295300	3717
25300426	3718
36124058	3719
470625	3720
2575938	3721
8182950	3722
10273147	3723
13481880	3724
25612629	3725
30437264	3726
1834762	3727
8570317	3728
23576165	3729
4323425	3730
5003144	3731
8891333	3732
13242763	3733
15960670	3734
16398049	3735
1381673	3736
4389252	3737
16660256	3738
29641682	3739
40365566	3740
43165768	3741
9955779	3742
11043831	3743
12839939	3744
41022628	3745
3514540	3746
3883485	3747
10029970	3748
18841257	3749
21557614	3750
23746313	3751
38009906	3752
40632104	3753
2062382	3754
7227763	3755
23634484	3756
26336593	3757
29134911	3758
38252314	3759
695938	3760
15426878	3761
21767325	3762
34559336	3763
1797622	3764
18375089	3765
37164306	3766
1669173	3767
8548635	3768
12370190	3769
16465895	3770
2452989	3771
10660080	3772
17464771	3773
33723822	3774
33796570	3775
37731372	3776
7975937	3777
15077696	3778
6957332	3779
12580014	3780
17601006	3781
19047331	3782
19255949	3783
24142891	3784
27243019	3785
38502066	3786
39300105	3787
1583134	3788
3203590	3789
5373138	3790
9283422	3791
14460402	3792
15972906	3793
4404433	3794
10300888	3795
14663842	3796
22712546	3797
28806780	3798
2056197	3799
4391817	3800
8290760	3801
10534299	3802
12885341	3803
17775228	3804
1103795	3805
8994465	3806
17017465	3807
17814815	3808
39465575	3809
464511	3810
11419230	3811
11903247	3812
14501880	3813
2033917	3814
8698857	3815
11569583	3816
2608447	3817
3493623	3818
4928057	3819
17240457	3820
17805221	3821
39389082	3822
121581019	3823
14692646	3824
16999023	3825
23195302	3826
32770503	3827
34481589	3828
104130	3829
1220287	3830
1695604	3831
15322518	3832
20357868	3833
25036988	3834
34818263	3835
13867350	3836
14119470	3837
23052989	3838
31347396	3839
39391953	3840
42662816	3841
58006489	3842
2831620	3843
3610282	3844
3825472	3845
11172205	3846
22227889	3847
41226276	3848
42106119	3849
3758260	3850
6313547	3851
20187433	3852
20781656	3853
26462632	3854
12552297	3855
667451	3856
3441524	3857
5633876	3858
9730755	3859
13910150	3860
14362678	3861
18678095	3862
41915616	3863
45638119	3864
1259280	3865
12956194	3866
13509809	3867
16120395	3868
22871664	3869
23117378	3870
2272614	3871
8426046	3872
10491220	3873
12643937	3874
18038250	3875
19384430	3876
12821938	3877
13791206	3878
16557565	3879
42009630	3880
1897324	3881
15405204	3882
17717391	3883
20620012	3884
195352	3885
6209599	3886
8858602	3887
10314816	3888
10703001	3889
12172346	3890
26488879	3891
2192419	3892
2576811	3893
4399268	3894
4926049	3895
50670403	3896
3847200	3897
18682109	3898
21853444	3899
4632921	3900
16398827	3901
37269418	3902
1354567	3903
7228140	3904
9225850	3905
18188022	3906
24055603	3907
30471052	3908
33792330	3909
7145763	3910
9889151	3911
19489351	3912
28086354	3913
2582169	3914
12642224	3915
36962270	3916
2086909	3917
2734421	3918
5956380	3919
13916951	3920
28247027	3921
15728433	3922
18695970	3923
19800147	3924
26899920	3925
31407112	3926
31460499	3927
46617075	3928
55040297	3929
9737083	3930
14615911	3931
16736883	3932
20220731	3933
21186109	3934
23577014	3935
41599676	3936
5389523	3937
27731651	3938
30543439	3939
57121667	3940
427082	3941
12871002	3942
29423324	3943
35777860	3944
10504681	3945
15419873	3946
19957813	3947
718601	3948
3419802	3949
11565780	3950
13189693	3951
28025754	3952
38076716	3953
54482327	3954
1084062	3955
5849439	3956
10165258	3957
12742164	3958
17368516	3959
22116439	3960
23581096	3961
27665523	3962
40367499	3963
1914588	3964
2566674	3965
2824347	3966
5254463	3967
5824955	3968
7224723	3969
54562433	3970
126549848	3971
1710116	3972
2474731	3973
6536598	3974
7820043	3975
9194077	3976
11738716	3977
14863011	3978
154243324	3979
38745690	3980
885056	3981
10628767	3982
12669325	3983
24294572	3984
28530299	3985
2119889	3986
6826636	3987
7225911	3988
42279414	3989
5531479	3990
17911973	3991
2159648	3992
6503185	3993
30774694	3994
9878167	3995
14706752	3996
33912020	3997
41133176	3998
2988714	3999
3858268	4000
5483793	4001
12588500	4002
13907427	4003
21395936	4004
15893330	4005
16644043	4006
17150648	4007
17702490	4008
27134527	4009
43483151	4010
3835423	4011
36178047	4012
40078758	4013
2015929	4014
4587978	4015
5783785	4016
17997584	4017
18078750	4018
22995579	4019
46127781	4020
4392608	4021
10212612	4022
36242796	4023
42185082	4024
43890638	4025
2888272	4026
24737389	4027
155200372	4028
1386103	4029
24865781	4030
35861290	4031
13771184	4032
15548965	4033
8520041	4034
20931483	4035
293661	4036
2547636	4037
3849194	4038
8672737	4039
14390137	4040
18953920	4041
950306	4042
7264949	4043
7438803	4044
11369420	4045
17925632	4046
18111172	4047
23639838	4048
42565477	4049
5389095	4050
6190603	4051
6501747	4052
7970974	4053
10494012	4054
6455142	4055
6580081	4056
13921783	4057
13931771	4058
15836115	4059
20904154	4060
22968257	4061
4462919	4062
4544916	4063
14332945	4064
21363424	4065
23356816	4066
4020950	4067
4828984	4068
15327601	4069
22914228	4070
17327939	4071
4467129	4072
27580223	4073
146653163	4074
3446400	4075
5448119	4076
11335781	4077
17945638	4078
24512064	4079
32372280	4080
6504953	4081
18676539	4082
22029384	4083
22334300	4084
24351680	4085
38919140	4086
52944377	4087
53033275	4088
154796494	4089
1941721	4090
26283293	4091
5508750	4092
4896726	4093
9641846	4094
10846815	4095
30500829	4096
45287266	4097
4740447	4098
5035827	4099
6163801	4100
12100963	4101
13116880	4102
21692235	4103
7157436	4104
20420780	4105
145335387	4106
3153673	4107
28937856	4108
1667063	4109
1907601	4110
25089501	4111
32170702	4112
36606083	4113
2225918	4114
12156187	4115
13791788	4116
20419913	4117
31682248	4118
121001457	4119
3583084	4120
28419824	4121
19427410	4122
22948960	4123
5953485	4124
13953762	4125
17271462	4126
25748308	4127
2296264	4128
6961811	4129
10509344	4130
14658685	4131
19966976	4132
27022864	4133
38211681	4134
6836086	4135
6422576	4136
25901598	4137
28369117	4138
37444589	4139
7560876	4140
8759633	4141
8989616	4142
13072112	4143
13878643	4144
23972114	4145
34228604	4146
86160128	4147
5702790	4148
11195653	4149
15716328	4150
24612804	4151
143796742	4152
14155726	4153
21550246	4154
22843616	4155
26150367	4156
44420873	4157
6446747	4158
11255504	4159
167469018	4160
1032372	4161
3680979	4162
7343711	4163
8610932	4164
7915836	4165
4465762	4166
13244602	4167
20101846	4168
2078658	4169
36066871	4170
147107523	4171
5293024	4172
19661996	4173
25515662	4174
45096063	4175
72180760	4176
5409905	4177
7221410	4178
7447120	4179
9872468	4180
25536577	4181
27789588	4182
4380451	4183
16361581	4184
21323587	4185
24177706	4186
4530659	4187
6974477	4188
12337611	4189
12370881	4190
19005293	4191
40781557	4192
41233511	4193
14550841	4194
15981174	4195
42421723	4196
427865	4197
13956305	4198
25479072	4199
33499189	4200
11011905	4201
13001323	4202
13992047	4203
34905328	4204
44172171	4205
883747	4206
9687772	4207
27815697	4208
3090454	4209
3154880	4210
14874811	4211
16217855	4212
28738741	4213
26231129	4214
21307488	4215
42291761	4216
42489926	4217
13940200	4218
34604584	4219
432261	4220
5271210	4221
22317868	4222
25853741	4223
493346	4224
36540079	4225
41620295	4226
6944800	4227
35828148	4228
38747567	4229
11915280	4230
16208091	4231
43329366	4232
6277638	4233
7185591	4234
17333231	4235
17934082	4236
11020556	4237
21578627	4238
30221601	4239
36653415	4240
16488405	4241
16550075	4242
4422734	4243
6917133	4244
16962732	4245
21170174	4246
23897346	4247
40900567	4248
24069089	4249
36474	4250
16319097	4251
18998807	4252
40044800	4253
99829811	4254
195683603	4255
2919030	4256
4447785	4257
13955536	4258
17829012	4259
27693891	4260
2417551	4261
2587396	4262
8025177	4263
17768946	4264
45875990	4265
463309	4266
4424888	4267
10423989	4268
21561474	4269
41911192	4270
1389264	4271
38296571	4272
5867846	4273
17755060	4274
21369472	4275
22067786	4276
28206748	4277
16630060	4278
31166180	4279
1428830	4280
1568684	4281
16855829	4282
25483562	4283
29098525	4284
4254064	4285
7324039	4286
19138874	4287
145383432	4288
11336632	4289
40608679	4290
519974	4291
1605196	4292
2947540	4293
5289038	4294
7492250	4295
8536018	4296
12489130	4297
13494853	4298
14311986	4299
2947124	4300
4305576	4301
4920376	4302
9655347	4303
12130067	4304
37722384	4305
41161366	4306
2817000	4307
9142761	4308
12641252	4309
14753395	4310
14767844	4311
19922508	4312
25435456	4313
38023457	4314
13135544	4315
26735018	4316
8533245	4317
15907458	4318
16625620	4319
16963081	4320
19510470	4321
1388704	4322
12866641	4323
9154703	4324
12667988	4325
22820637	4326
25649545	4327
31933981	4328
35256900	4329
12779444	4330
17625068	4331
19004126	4332
11913139	4333
21012916	4334
26851674	4335
27127885	4336
7898952	4337
13221399	4338
19644821	4339
20649327	4340
30675656	4341
143381103	4342
46478393	4343
3155374	4344
13878124	4345
14479433	4346
15833835	4347
16728949	4348
5885376	4349
23389795	4350
8734695	4351
11048759	4352
95102458	4353
18358026	4354
27373088	4355
29347970	4356
29851836	4357
36025357	4358
40323148	4359
20372201	4360
28904104	4361
31543713	4362
612002	4363
8708082	4364
31624828	4365
44724517	4366
9696379	4367
23698769	4368
27709445	4369
4664540	4370
12880573	4371
24044977	4372
1744752	4373
10548391	4374
26702468	4375
36089763	4376
52893592	4377
2533768	4378
4435369	4379
6454371	4380
16287725	4381
51728753	4382
32720933	4383
35100235	4384
2374637	4385
6493422	4386
20568364	4387
2248870	4388
3981729	4389
7583161	4390
15559582	4391
28647122	4392
5144381	4393
19541444	4394
28107602	4395
46602807	4396
5927534	4397
19165076	4398
22401061	4399
23032247	4400
153755807	4401
6078882	4402
6947286	4403
37138639	4404
1259359	4405
27907205	4406
32665136	4407
2454002	4408
4421742	4409
18344910	4410
3360421	4411
15488881	4412
21272977	4413
21495419	4414
27274441	4415
13235609	4416
109795294	4417
7261402	4418
37297740	4419
19099739	4420
14225271	4421
19185192	4422
21535641	4423
86129154	4424
864491	4425
31272411	4426
35443524	4427
39758684	4428
20888849	4429
3038933	4430
4833016	4431
5991309	4432
12887068	4433
14584755	4434
24005548	4435
24276902	4436
35079452	4437
7645565	4438
26491450	4439
6559201	4440
10546779	4441
32922179	4442
33720691	4443
4340509	4444
4411655	4445
3559136	4446
2714623	4447
24731248	4448
19688024	4449
26532518	4450
40971746	4451
13870943	4452
15795880	4453
21185923	4454
10335603	4455
11532659	4456
32969964	4457
35651106	4458
13023410	4459
696006	4460
9160947	4461
9550981	4462
10765888	4463
21372171	4464
25365522	4465
26887439	4466
39763465	4467
41337677	4468
7151961	4469
21557055	4470
36618603	4471
1630949	4472
6896063	4473
11615242	4474
39559521	4475
406733	4476
9705208	4477
11250124	4478
34328964	4479
4345757	4480
5132461	4481
19974105	4482
13906892	4483
13949015	4484
26731863	4485
1322614	4486
3701541	4487
4270992	4488
25682129	4489
41293601	4490
2837758	4491
4841908	4492
9113824	4493
13726379	4494
19979816	4495
52176296	4496
1791714	4497
4231060	4498
5254741	4499
14240343	4500
2000038	4501
5108807	4502
6368017	4503
14893428	4504
20675284	4505
21855837	4506
4454788	4507
26751583	4508
34735369	4509
22210434	4510
37643601	4511
3903084	4512
18263406	4513
11141995	4514
22522432	4515
615047	4516
5567005	4517
13651792	4518
17223891	4519
24742375	4520
323030	4521
2883827	4522
26230669	4523
43602749	4524
5406411	4525
7260461	4526
3052642	4527
5798227	4528
8093935	4529
18834078	4530
3748310	4531
10017612	4532
20368353	4533
29321530	4534
34316341	4535
36831892	4536
3743071	4537
17050065	4538
38485364	4539
46816158	4540
117907685	4541
7837879	4542
12030318	4543
13245542	4544
23895668	4545
35467590	4546
56391045	4547
72372925	4548
1122198	4549
12652963	4550
36623997	4551
3896759	4552
12149169	4553
16461149	4554
36713289	4555
13923140	4556
18042803	4557
4346436	4558
10555591	4559
6296189	4560
18038955	4561
46926352	4562
4340358	4563
21932050	4564
2682251	4565
39128592	4566
3986403	4567
10039688	4568
20388894	4569
22703082	4570
30353437	4571
34254203	4572
12871281	4573
39048693	4574
2121272	4575
13757347	4576
1933281	4577
29459383	4578
34105878	4579
35022568	4580
46594244	4581
27077180	4582
10993232	4583
26873988	4584
28436879	4585
4320111	4586
7277084	4587
22444939	4588
6492658	4589
29634262	4590
13763195	4591
20524091	4592
26993601	4593
103007	4594
9257019	4595
461550	4596
26104554	4597
27995781	4598
28697248	4599
39863735	4600
40500723	4601
11527822	4602
13466517	4603
26561572	4604
15535511	4605
16389141	4606
29806339	4607
11360430	4608
22405338	4609
83308790	4610
29745822	4611
30122260	4612
10190778	4613
12705056	4614
37549932	4615
43419566	4616
3391547	4617
27049238	4618
40476126	4619
41782935	4620
46135768	4621
37248765	4622
3155731	4623
39326723	4624
41496215	4625
825728	4626
3893473	4627
14188138	4628
14492339	4629
39652608	4630
778436	4631
3112885	4632
9875570	4633
25085979	4634
2526777	4635
2613813	4636
9911547	4637
19583924	4638
38180456	4639
41982985	4640
946756	4641
19356271	4642
22174015	4643
2388819	4644
4353857	4645
11253758	4646
22973574	4647
27078065	4648
9317504	4649
23746332	4650
31324978	4651
39281166	4652
1387654	4653
1590744	4654
4662264	4655
35087728	4656
680949	4657
17081238	4658
3623127	4659
5921065	4660
7489663	4661
4429118	4662
25821556	4663
18747744	4664
21387297	4665
22937815	4666
306006	4667
11083121	4668
1227277	4669
5123516	4670
3098821	4671
5567223	4672
17544977	4673
23851261	4674
31387717	4675
44366096	4676
46765242	4677
2147704	4678
5760247	4679
6784372	4680
22190276	4681
790598	4682
32533299	4683
9977329	4684
23509113	4685
10029891	4686
153744	4687
4414481	4688
2423940	4689
20722510	4690
21320417	4691
36830715	4692
46202852	4693
79336156	4694
7399084	4695
12217662	4696
12966719	4697
32181055	4698
34982259	4699
35612665	4700
9056874	4701
13989491	4702
36345578	4703
70633421	4704
26735905	4705
28712203	4706
21909315	4707
22543403	4708
41707539	4709
2829179	4710
9161988	4711
15913433	4712
42865134	4713
6962472	4714
27453479	4715
35534019	4716
19485243	4717
20864487	4718
6401675	4719
33934971	4720
544971	4721
19565018	4722
3788528	4723
15685921	4724
32906513	4725
12737132	4726
13798951	4727
17917408	4728
23326722	4729
11475379	4730
16927286	4731
24746892	4732
19450341	4733
21425864	4734
32324430	4735
26182390	4736
8712839	4737
12892137	4738
19603353	4739
26105746	4740
36497180	4741
87986426	4742
3330111	4743
9881829	4744
38376189	4745
4343811	4746
26330861	4747
46248894	4748
6040392	4749
26973393	4750
31148090	4751
1848452	4752
7850867	4753
17676273	4754
10012166	4755
26672703	4756
38675228	4757
22264117	4758
41913714	4759
29073751	4760
32985041	4761
29785642	4762
33554389	4763
19770974	4764
28069701	4765
10474873	4766
32012666	4767
56893404	4768
3346812	4769
8979167	4770
20028729	4771
20758340	4772
1900152	4773
38127792	4774
13350374	4775
2613411	4776
34436231	4777
1871230	4778
8267678	4779
7583725	4780
29877890	4781
952111	4782
10354110	4783
90756514	4784
1398021	4785
13613916	4786
19313533	4787
40145839	4788
13614794	4789
16270577	4790
6079486	4791
1709625	4792
6108481	4793
11774598	4794
22328290	4795
20707861	4796
5253987	4797
20532591	4798
34034749	4799
40094786	4800
28542402	4801
36082224	4802
41811327	4803
61050894	4804
9559146	4805
24157077	4806
27240699	4807
9769310	4808
32742683	4809
41325555	4810
6876224	4811
8294009	4812
19419439	4813
26038789	4814
145716849	4815
4854076	4816
5519177	4817
11457219	4818
4561402	4819
14492964	4820
16693950	4821
21866916	4822
45414636	4823
1379127	4824
120626	4825
6264468	4826
11568270	4827
19149247	4828
1917068	4829
2619579	4830
16494316	4831
1967017	4832
3367829	4833
15830352	4834
26297042	4835
13277623	4836
37686718	4837
10605189	4838
1616661	4839
14924526	4840
22431418	4841
41120293	4842
82971616	4843
24466904	4844
38300781	4845
9483851	4846
11414664	4847
6903077	4848
20155713	4849
34537906	4850
1769799	4851
2042250	4852
45487164	4853
2722988	4854
34747208	4855
1922901	4856
13439128	4857
22551259	4858
45457778	4859
15493354	4860
22613657	4861
40382183	4862
42855554	4863
810480	4864
16691520	4865
38844612	4866
41314611	4867
23262027	4868
1886551	4869
30655442	4870
10650521	4871
20491205	4872
47018050	4873
3981613	4874
11233339	4875
35764259	4876
3222122	4877
6853699	4878
18041692	4879
21790313	4880
21948782	4881
5764562	4882
6712836	4883
154050141	4884
6559701	4885
12014458	4886
25950264	4887
7643848	4888
70439309	4889
13952658	4890
39381118	4891
46837626	4892
8318286	4893
11527199	4894
13450938	4895
20333864	4896
24554740	4897
28386343	4898
32450297	4899
92499	4900
34854444	4901
12440953	4902
24525112	4903
84379954	4904
21793890	4905
84784389	4906
14050257	4907
4363526	4908
45364685	4909
29224825	4910
502797	4911
6717533	4912
15868816	4913
22791348	4914
40212412	4915
5415832	4916
4256553	4917
19522248	4918
40754510	4919
15617300	4920
33127778	4921
24921368	4922
8670178	4923
2015126	4924
14083283	4925
31902335	4926
4784069	4927
9451684	4928
36799998	4929
8577229	4930
33986507	4931
37205685	4932
3315558	4933
7239105	4934
8227227	4935
17631671	4936
1320137	4937
18617259	4938
23237995	4939
28207326	4940
279052	4941
3588621	4942
21330280	4943
37249641	4944
226488	4945
15969637	4946
23351136	4947
306311	4948
9548440	4949
1967410	4950
7662206	4951
24790460	4952
41646286	4953
26952804	4954
76776022	4955
6503534	4956
19058822	4957
24282306	4958
4335599	4959
6910577	4960
8659426	4961
919007	4962
1649738	4963
13296399	4964
22843838	4965
2158500	4966
14831629	4967
22647695	4968
3851329	4969
9704467	4970
7968532	4971
14174055	4972
31715818	4973
8629328	4974
13790144	4975
33339202	4976
37207226	4977
8411251	4978
38533515	4979
12087063	4980
8300657	4981
10670430	4982
24700152	4983
29638116	4984
37822406	4985
2061878	4986
9063688	4987
26132041	4988
7838799	4989
8551160	4990
33911859	4991
7640058	4992
11887584	4993
29723642	4994
27162821	4995
6082738	4996
6729465	4997
10812605	4998
1067605	4999
21874414	5000
4429668	5001
16790253	5002
19511011	5003
39334724	5004
4423203	5005
31304956	5006
26456326	5007
5503194	5008
3591070	5009
41822527	5010
991137	5011
46153874	5012
10518721	5013
13580614	5014
37673301	5015
8446324	5016
12804937	5017
25938251	5018
27949347	5019
4343437	5020
33135135	5021
7514614	5022
21651116	5023
44801733	5024
9278263	5025
12787125	5026
2107238	5027
8690595	5028
17463469	5029
22428640	5030
6077214	5031
21179714	5032
6532806	5033
11481946	5034
17919731	5035
14075252	5036
27134931	5037
10976596	5038
21439293	5039
21746539	5040
23124332	5041
102662	5042
5339554	5043
11016788	5044
21874312	5045
94109411	5046
29183629	5047
29518440	5048
143868995	5049
7046487	5050
18568804	5051
13162391	5052
17195001	5053
22134353	5054
7929932	5055
31560225	5056
8721150	5057
1447990	5058
36889513	5059
42095718	5060
84580585	5061
46193388	5062
13636631	5063
13915464	5064
3506723	5065
28821565	5066
3468459	5067
42950029	5068
14128314	5069
32638085	5070
24825841	5071
14566771	5072
1283401	5073
5944514	5074
7074001	5075
17741440	5076
2274272	5077
10071590	5078
39462488	5079
28138927	5080
8185080	5081
37311371	5082
11666252	5083
24315156	5084
37949139	5085
30101891	5086
7268522	5087
14180217	5088
31962403	5089
46193478	5090
11822354	5091
25183830	5092
1544804	5093
44264297	5094
5403286	5095
32975424	5096
10326242	5097
37405449	5098
22545779	5099
5094468	5100
25602549	5101
2844897	5102
6923961	5103
23393712	5104
29399239	5105
19958277	5106
33904473	5107
120385993	5108
2739854	5109
5252837	5110
11710511	5111
10761515	5112
1958440	5113
23531592	5114
6544701	5115
34258065	5116
19293654	5117
9038803	5118
34378726	5119
1539159	5120
1624106	5121
17388232	5122
2352142	5123
11936877	5124
2762601	5125
16510361	5126
19882228	5127
19079491	5128
1583041	5129
18321590	5130
142559798	5131
30379039	5132
8202880	5133
33169058	5134
5236443	5135
31019903	5136
70490	5137
28264919	5138
32927401	5139
599582	5140
28338268	5141
1499964	5142
84085333	5143
5035851	5144
3353748	5145
2251426	5146
22057077	5147
43557480	5148
11661377	5149
29557235	5150
27587267	5151
39661951	5152
8210189	5153
2099400	5154
118215171	5155
45276789	5156
4283694	5157
21804115	5158
63858430	5159
8065561	5160
15153602	5161
20492020	5162
25516011	5163
70895396	5164
285794	5165
10536636	5166
17123657	5167
43427621	5168
84884645	5169
81498132	5170
29495185	5171
60206680	5172
38528892	5173
41781905	5174
87430549	5175
10743131	5176
43128141	5177
84244109	5178
20945963	5179
74701974	5180
80109277	5181
33989422	5182
